variable,death
"[[ 7.5]
 [ 7.8]
 [ 6.9]
 [ 7.4]
 [ 6.9]
 [ 6.9]
 [ 6.6]
 [ 6.7]
 [ 7.4]
 [ 7. ]
 [ 7.2]
 [ 6.9]
 [ 7.4]
 [ 6.9]
 [ 8.1]
 [ 7.2]]","[ 84.59481056  85.66739343  83.73012814  84.3403304   83.73012814
  83.73012814  83.76512158  83.72934679  84.3403304   83.77493404
  83.97324177  83.73012814  84.3403304   83.73012814  87.22024824
  83.97324177]"
